review_id,customer_id,product_id,rating,review_text
1,77,71,1,Average product
2,59,90,4,Poor packaging
3,229,24,4,Value for money
4,91,12,4,Very satisfied
5,1,60,2,Value for money
6,269,84,2,Excellent quality!
7,286,78,3,Poor packaging
8,197,86,1,Very satisfied
9,274,16,3,Value for money
10,78,29,2,Very satisfied
11,141,32,5,Excellent quality!
12,288,83,3,Poor packaging
13,71,35,2,Very satisfied
14,50,43,2,Excellent quality!
15,80,96,5,Average product
16,235,53,5,Very satisfied
17,287,20,5,Poor packaging
18,155,84,1,Exceeded expectations
19,60,8,2,Would not recommend
20,33,99,5,Would not recommend
21,127,42,1,Very satisfied
22,221,77,4,Very satisfied
23,200,70,4,Excellent quality!
24,126,16,4,Value for money
25,41,69,2,Would not recommend
26,275,53,1,Good but can improve
27,297,45,1,Value for money
28,85,51,4,Would not recommend
29,89,98,3,Very satisfied
30,42,6,4,Good but can improve
31,120,33,2,Poor packaging
32,279,79,4,Poor packaging
33,33,15,4,Exceeded expectations
34,276,14,1,Would not recommend
35,153,39,4,Good but can improve
36,90,63,5,Would not recommend
37,104,5,5,Excellent quality!
38,12,90,3,Very satisfied
39,160,81,2,Very satisfied
40,196,52,2,Exceeded expectations
41,262,16,1,Value for money
42,91,99,2,Excellent quality!
43,197,38,3,Average product
44,69,53,5,Poor packaging
45,220,87,1,Poor packaging
46,214,77,5,Very satisfied
47,146,97,3,Exceeded expectations
48,233,93,1,Good but can improve
49,234,53,4,Excellent quality!
50,214,46,2,Average product
51,61,98,3,Poor packaging
52,78,98,1,Excellent quality!
53,95,91,5,Average product
54,216,15,1,Would not recommend
55,213,59,4,Very satisfied
56,200,50,3,Value for money
57,31,9,1,Poor packaging
58,290,26,3,Poor packaging
59,135,3,3,Average product
60,83,100,5,Value for money
61,47,47,2,Good but can improve
62,206,5,4,Would not recommend
63,77,62,1,Excellent quality!
64,259,84,2,Very satisfied
65,92,84,5,Excellent quality!
66,100,5,2,Average product
67,195,10,3,Good but can improve
68,192,80,3,Good but can improve
69,68,63,4,Poor packaging
70,242,25,1,Would not recommend
71,90,44,1,Poor packaging
72,10,25,5,Excellent quality!
73,264,30,4,Would not recommend
74,268,14,1,Exceeded expectations
75,118,86,3,Very satisfied
76,250,43,4,Average product
77,59,28,2,Very satisfied
78,195,94,4,Good but can improve
79,50,19,4,Average product
80,296,42,1,Good but can improve
81,97,20,5,Very satisfied
82,127,99,5,Exceeded expectations
83,246,86,1,Excellent quality!
84,87,79,1,Value for money
85,77,11,1,Would not recommend
86,204,54,5,Average product
87,146,98,1,Excellent quality!
88,149,24,2,Poor packaging
89,111,70,2,Poor packaging
90,129,17,3,Very satisfied
91,253,28,2,Good but can improve
92,166,50,4,Poor packaging
93,297,95,3,Good but can improve
94,137,100,2,Value for money
95,279,55,4,Average product
96,11,73,2,Very satisfied
97,71,10,4,Average product
98,159,21,1,Average product
99,216,58,4,Exceeded expectations
100,26,34,1,Excellent quality!
101,286,95,4,Poor packaging
102,162,93,4,Would not recommend
103,102,43,2,Average product
104,69,11,4,Good but can improve
105,133,33,2,Value for money
106,189,58,4,Exceeded expectations
107,211,46,5,Good but can improve
108,243,61,3,Value for money
109,166,62,2,Good but can improve
110,61,1,2,Would not recommend
111,279,21,1,Poor packaging
112,113,62,5,Poor packaging
113,30,64,1,Very satisfied
114,161,87,5,Very satisfied
115,234,73,5,Good but can improve
116,170,56,4,Very satisfied
117,186,1,1,Poor packaging
118,57,21,3,Average product
119,240,22,5,Good but can improve
120,257,54,5,Excellent quality!
121,201,4,2,Would not recommend
122,106,65,4,Exceeded expectations
123,290,51,3,Would not recommend
124,101,74,5,Would not recommend
125,97,63,2,Very satisfied
126,153,15,1,Excellent quality!
127,29,36,5,Value for money
128,153,29,2,Poor packaging
129,73,52,1,Value for money
130,254,46,4,Very satisfied
131,4,69,1,Average product
132,237,29,5,Exceeded expectations
133,38,47,3,Exceeded expectations
134,20,91,1,Very satisfied
135,113,25,3,Excellent quality!
136,23,80,3,Exceeded expectations
137,136,16,1,Very satisfied
138,248,100,4,Would not recommend
139,97,89,1,Average product
140,33,41,2,Average product
141,135,65,3,Poor packaging
142,255,69,5,Poor packaging
143,278,20,3,Would not recommend
144,133,69,5,Good but can improve
145,238,36,2,Good but can improve
146,15,93,2,Average product
147,277,98,2,Good but can improve
148,126,58,1,Would not recommend
149,17,48,3,Average product
150,50,82,5,Good but can improve
151,135,2,2,Good but can improve
152,118,80,2,Good but can improve
153,60,29,5,Excellent quality!
154,125,97,3,Good but can improve
155,116,16,3,Good but can improve
156,173,35,5,Very satisfied
157,187,62,4,Poor packaging
158,88,81,3,Excellent quality!
159,203,4,5,Exceeded expectations
160,182,68,5,Good but can improve
161,168,51,2,Good but can improve
162,181,89,5,Very satisfied
163,300,33,1,Good but can improve
164,130,78,2,Good but can improve
165,149,24,2,Good but can improve
166,209,75,3,Poor packaging
167,111,25,4,Exceeded expectations
168,137,28,3,Would not recommend
169,211,7,1,Exceeded expectations
170,146,36,2,Excellent quality!
171,84,10,2,Good but can improve
172,30,36,5,Value for money
173,65,95,4,Exceeded expectations
174,24,83,4,Value for money
175,211,18,5,Poor packaging
176,222,6,1,Excellent quality!
177,90,92,4,Exceeded expectations
178,106,7,2,Good but can improve
179,172,12,1,Very satisfied
180,230,41,3,Exceeded expectations
181,77,63,3,Good but can improve
182,68,98,1,Very satisfied
183,92,25,2,Excellent quality!
184,88,81,3,Value for money
185,50,53,2,Excellent quality!
186,103,33,5,Good but can improve
187,46,87,4,Value for money
188,179,73,1,Value for money
189,267,6,4,Would not recommend
190,268,62,5,Would not recommend
191,8,66,3,Very satisfied
192,265,9,2,Poor packaging
193,78,67,2,Average product
194,240,16,5,Excellent quality!
195,258,89,1,Value for money
196,196,88,4,Good but can improve
197,131,93,3,Excellent quality!
198,261,55,1,Poor packaging
199,242,40,5,Good but can improve
200,171,26,5,Poor packaging
201,147,38,2,Average product
202,270,35,3,Good but can improve
203,149,87,1,Exceeded expectations
204,299,68,2,Average product
205,28,59,3,Value for money
206,149,14,4,Would not recommend
207,280,47,4,Exceeded expectations
208,182,71,2,Average product
209,166,72,1,Would not recommend
210,17,42,3,Exceeded expectations
211,150,51,4,Would not recommend
212,45,19,4,Value for money
213,189,66,1,Good but can improve
214,139,47,2,Very satisfied
215,61,65,5,Good but can improve
216,294,42,3,Would not recommend
217,33,38,4,Good but can improve
218,299,13,5,Value for money
219,112,44,1,Average product
220,291,24,2,Excellent quality!
221,37,96,3,Average product
222,100,30,1,Good but can improve
223,23,70,2,Poor packaging
224,218,38,1,Average product
225,89,97,4,Very satisfied
226,209,23,4,Value for money
227,271,74,5,Would not recommend
228,237,57,1,Poor packaging
229,209,79,4,Value for money
230,278,23,2,Value for money
231,206,36,5,Would not recommend
232,78,57,3,Exceeded expectations
233,98,1,1,Average product
234,94,72,4,Excellent quality!
235,80,3,2,Exceeded expectations
236,38,14,1,Poor packaging
237,228,81,2,Would not recommend
238,134,34,5,Very satisfied
239,196,70,4,Very satisfied
240,282,69,4,Excellent quality!
241,101,51,5,Excellent quality!
242,75,29,2,Average product
243,294,99,1,Very satisfied
244,208,82,2,Poor packaging
245,83,48,1,Good but can improve
246,143,94,5,Would not recommend
247,56,79,3,Excellent quality!
248,287,79,1,Excellent quality!
249,211,16,4,Excellent quality!
250,179,57,4,Good but can improve
251,58,97,4,Would not recommend
252,73,10,2,Poor packaging
253,215,19,2,Very satisfied
254,266,67,2,Good but can improve
255,73,36,4,Good but can improve
256,271,4,1,Exceeded expectations
257,234,75,4,Poor packaging
258,19,33,1,Would not recommend
259,113,28,2,Poor packaging
260,63,96,3,Average product
261,184,80,2,Exceeded expectations
262,277,9,5,Would not recommend
263,162,75,1,Exceeded expectations
264,243,6,3,Exceeded expectations
265,145,49,2,Excellent quality!
266,146,91,3,Very satisfied
267,81,76,4,Exceeded expectations
268,43,22,1,Average product
269,293,48,5,Average product
270,176,21,4,Would not recommend
271,69,33,3,Value for money
272,56,81,2,Good but can improve
273,119,56,1,Excellent quality!
274,204,29,5,Very satisfied
275,55,53,2,Very satisfied
276,38,40,5,Very satisfied
277,243,74,1,Good but can improve
278,201,18,3,Would not recommend
279,236,47,5,Excellent quality!
280,15,13,1,Exceeded expectations
281,144,27,5,Exceeded expectations
282,77,62,2,Would not recommend
283,263,74,5,Very satisfied
284,185,96,2,Good but can improve
285,55,45,2,Exceeded expectations
286,4,3,1,Poor packaging
287,299,22,4,Poor packaging
288,40,27,5,Good but can improve
289,230,55,3,Good but can improve
290,286,67,2,Excellent quality!
291,138,33,4,Very satisfied
292,103,2,2,Would not recommend
293,7,75,4,Good but can improve
294,164,46,4,Good but can improve
295,276,74,3,Value for money
296,49,33,4,Good but can improve
297,96,58,3,Value for money
298,59,7,1,Value for money
299,231,15,2,Poor packaging
300,177,26,3,Would not recommend
301,90,11,2,Value for money
302,282,38,5,Very satisfied
303,36,27,1,Very satisfied
304,171,7,5,Value for money
305,126,1,5,Average product
306,299,74,4,Value for money
307,204,21,4,Average product
308,289,79,5,Excellent quality!
309,97,30,4,Excellent quality!
310,238,94,2,Very satisfied
311,173,8,4,Would not recommend
312,88,88,5,Poor packaging
313,17,83,4,Would not recommend
314,140,3,4,Very satisfied
315,254,55,3,Very satisfied
316,278,15,3,Would not recommend
317,151,36,5,Poor packaging
318,140,6,2,Very satisfied
319,114,42,1,Exceeded expectations
320,68,50,1,Exceeded expectations
321,179,18,5,Poor packaging
322,125,83,2,Very satisfied
323,233,50,2,Exceeded expectations
324,147,30,2,Excellent quality!
325,111,77,3,Average product
326,238,39,5,Very satisfied
327,3,12,1,Average product
328,211,98,2,Value for money
329,25,59,5,Exceeded expectations
330,184,76,1,Very satisfied
331,61,44,3,Excellent quality!
332,123,88,4,Poor packaging
333,55,4,1,Excellent quality!
334,163,36,1,Average product
335,187,48,1,Poor packaging
336,39,14,4,Excellent quality!
337,185,81,2,Excellent quality!
338,83,49,4,Excellent quality!
339,195,67,1,Would not recommend
340,34,87,3,Good but can improve
341,113,77,1,Poor packaging
342,230,9,3,Excellent quality!
343,283,21,5,Good but can improve
344,287,72,3,Exceeded expectations
345,155,81,1,Exceeded expectations
346,165,16,4,Excellent quality!
347,182,16,1,Average product
348,239,28,1,Excellent quality!
349,137,51,5,Exceeded expectations
350,266,56,2,Excellent quality!
351,187,80,1,Value for money
352,40,57,5,Good but can improve
353,167,52,4,Poor packaging
354,260,46,5,Value for money
355,143,78,5,Good but can improve
356,204,38,3,Good but can improve
357,176,84,2,Would not recommend
358,262,48,2,Average product
359,252,41,4,Good but can improve
360,200,98,5,Value for money
361,199,59,4,Would not recommend
362,196,93,4,Very satisfied
363,77,67,2,Poor packaging
364,19,74,2,Excellent quality!
365,62,84,2,Value for money
366,281,66,1,Value for money
367,250,27,5,Excellent quality!
368,227,32,4,Excellent quality!
369,127,56,5,Average product
370,58,10,4,Value for money
371,204,40,4,Value for money
372,243,17,4,Exceeded expectations
373,252,58,4,Good but can improve
374,199,97,3,Very satisfied
375,240,6,3,Exceeded expectations
376,139,39,1,Would not recommend
377,122,18,2,Very satisfied
378,49,73,4,Exceeded expectations
379,115,72,5,Value for money
380,251,89,3,Very satisfied
381,7,95,2,Value for money
382,219,42,1,Poor packaging
383,77,4,2,Average product
384,179,20,4,Very satisfied
385,145,28,2,Value for money
386,154,40,4,Very satisfied
387,121,65,3,Good but can improve
388,124,44,3,Good but can improve
389,150,23,4,Would not recommend
390,268,57,5,Average product
391,1,47,3,Poor packaging
392,161,13,5,Excellent quality!
393,244,16,4,Good but can improve
394,251,90,4,Excellent quality!
395,64,55,3,Very satisfied
396,299,95,5,Value for money
397,248,65,4,Would not recommend
398,297,81,3,Good but can improve
399,115,16,4,Average product
400,295,37,2,Poor packaging
401,1,52,2,Poor packaging
402,41,10,3,Good but can improve
403,173,38,4,Good but can improve
404,88,44,3,Exceeded expectations
405,98,95,1,Poor packaging
406,88,74,3,Excellent quality!
407,251,54,3,Average product
408,141,98,2,Exceeded expectations
409,71,51,2,Excellent quality!
410,137,52,4,Very satisfied
411,99,70,3,Poor packaging
412,151,92,3,Average product
413,175,92,4,Good but can improve
414,167,59,5,Poor packaging
415,257,13,4,Excellent quality!
416,224,41,2,Excellent quality!
417,65,12,2,Excellent quality!
418,69,50,3,Poor packaging
419,67,57,2,Average product
420,50,50,4,Average product
421,91,57,3,Very satisfied
422,115,54,4,Poor packaging
423,57,66,4,Very satisfied
424,18,8,3,Would not recommend
425,272,63,5,Very satisfied
426,130,9,2,Very satisfied
427,269,60,1,Very satisfied
428,80,63,1,Good but can improve
429,299,72,1,Excellent quality!
430,202,3,2,Would not recommend
431,225,73,5,Exceeded expectations
432,159,13,4,Good but can improve
433,204,9,3,Very satisfied
434,137,95,5,Average product
435,73,89,1,Very satisfied
436,48,52,2,Excellent quality!
437,18,62,2,Good but can improve
438,267,8,3,Value for money
439,19,95,4,Exceeded expectations
440,100,45,5,Would not recommend
441,116,53,5,Value for money
442,74,63,5,Value for money
443,280,95,4,Would not recommend
444,269,81,4,Poor packaging
445,125,57,4,Exceeded expectations
446,116,54,3,Good but can improve
447,174,19,2,Exceeded expectations
448,181,67,1,Average product
449,226,46,4,Excellent quality!
450,157,94,2,Would not recommend
451,164,10,4,Good but can improve
452,71,93,1,Value for money
453,222,18,4,Excellent quality!
454,126,12,2,Excellent quality!
455,145,49,3,Poor packaging
456,176,23,1,Value for money
457,152,62,2,Very satisfied
458,182,11,5,Excellent quality!
459,85,73,5,Value for money
460,121,56,5,Exceeded expectations
461,129,88,3,Excellent quality!
462,6,89,4,Poor packaging
463,183,55,4,Poor packaging
464,38,25,4,Very satisfied
465,116,9,3,Poor packaging
466,102,12,5,Good but can improve
467,8,11,4,Value for money
468,218,38,3,Would not recommend
469,207,28,3,Poor packaging
470,78,8,2,Would not recommend
471,55,74,4,Very satisfied
472,228,89,5,Exceeded expectations
473,88,47,1,Average product
474,10,36,3,Excellent quality!
475,290,50,2,Good but can improve
476,164,9,1,Excellent quality!
477,239,60,3,Value for money
478,144,72,2,Very satisfied
479,18,67,4,Very satisfied
480,71,53,2,Very satisfied
481,175,82,3,Excellent quality!
482,288,99,4,Poor packaging
483,299,17,5,Excellent quality!
484,248,100,2,Excellent quality!
485,193,53,1,Excellent quality!
486,268,28,4,Exceeded expectations
487,204,63,4,Exceeded expectations
488,123,15,5,Poor packaging
489,58,19,2,Average product
490,201,86,1,Value for money
491,112,70,5,Average product
492,128,47,2,Average product
493,36,71,1,Excellent quality!
494,234,48,1,Good but can improve
495,47,73,3,Average product
496,115,20,1,Excellent quality!
497,255,37,2,Excellent quality!
498,223,75,5,Value for money
499,124,2,5,Very satisfied
500,160,64,3,Excellent quality!
501,96,86,2,Exceeded expectations
502,107,36,1,Average product
503,120,5,3,Value for money
504,101,64,4,Would not recommend
505,103,7,2,Would not recommend
506,166,70,3,Would not recommend
507,186,22,5,Average product
508,32,74,3,Very satisfied
509,66,46,4,Poor packaging
510,179,40,2,Good but can improve
511,267,61,3,Very satisfied
512,37,46,1,Good but can improve
513,201,84,2,Value for money
514,49,28,3,Very satisfied
515,275,87,3,Would not recommend
516,168,35,2,Very satisfied
517,263,1,5,Value for money
518,133,29,1,Value for money
519,298,9,2,Would not recommend
520,176,9,1,Exceeded expectations
521,11,22,1,Average product
522,201,63,2,Good but can improve
523,297,66,3,Excellent quality!
524,3,80,5,Poor packaging
525,214,58,1,Poor packaging
526,296,70,1,Would not recommend
527,32,55,3,Exceeded expectations
528,48,13,2,Poor packaging
529,252,97,5,Very satisfied
530,199,19,1,Value for money
531,89,79,1,Good but can improve
532,109,33,2,Exceeded expectations
533,291,74,3,Value for money
534,108,65,4,Would not recommend
535,40,60,3,Value for money
536,52,12,1,Good but can improve
537,112,43,1,Excellent quality!
538,295,93,5,Value for money
539,68,17,3,Value for money
540,189,68,4,Exceeded expectations
541,209,29,5,Good but can improve
542,65,55,4,Very satisfied
543,62,7,5,Average product
544,258,44,3,Poor packaging
545,134,77,1,Very satisfied
546,122,5,4,Very satisfied
547,171,60,3,Very satisfied
548,210,6,4,Poor packaging
549,296,98,3,Would not recommend
550,89,7,5,Very satisfied
551,167,46,3,Average product
552,28,57,5,Would not recommend
553,238,54,1,Value for money
554,63,92,5,Average product
555,255,46,2,Exceeded expectations
556,41,10,1,Good but can improve
557,29,4,3,Would not recommend
558,279,67,3,Value for money
559,80,25,2,Value for money
560,51,87,3,Very satisfied
561,112,91,1,Very satisfied
562,90,78,1,Poor packaging
563,229,61,5,Excellent quality!
564,150,38,4,Average product
565,243,32,3,Poor packaging
566,138,23,2,Poor packaging
567,135,37,1,Average product
568,89,3,1,Good but can improve
569,15,99,1,Would not recommend
570,174,13,4,Exceeded expectations
571,90,34,4,Average product
572,213,88,3,Value for money
573,61,65,2,Exceeded expectations
574,220,76,4,Good but can improve
575,61,8,5,Excellent quality!
576,166,83,4,Good but can improve
577,12,9,1,Would not recommend
578,216,28,2,Very satisfied
579,77,78,3,Excellent quality!
580,232,91,4,Excellent quality!
581,112,18,1,Good but can improve
582,66,42,5,Very satisfied
583,182,41,5,Excellent quality!
584,204,70,3,Would not recommend
585,206,33,3,Would not recommend
586,286,89,4,Would not recommend
587,105,77,3,Poor packaging
588,242,54,1,Poor packaging
589,235,87,1,Would not recommend
590,176,36,1,Very satisfied
591,211,97,4,Very satisfied
592,31,85,4,Average product
593,235,98,3,Average product
594,242,56,4,Good but can improve
595,153,100,1,Would not recommend
596,196,17,2,Exceeded expectations
597,269,10,1,Excellent quality!
598,170,87,2,Excellent quality!
599,232,44,3,Very satisfied
600,184,2,5,Exceeded expectations
601,275,99,4,Excellent quality!
602,32,14,4,Good but can improve
603,177,41,1,Value for money
604,65,2,1,Poor packaging
605,198,19,2,Excellent quality!
606,27,80,4,Excellent quality!
607,151,89,3,Average product
608,268,1,1,Value for money
609,85,2,4,Excellent quality!
610,66,27,5,Poor packaging
611,133,2,2,Good but can improve
612,82,94,1,Excellent quality!
613,98,51,1,Very satisfied
614,73,10,3,Value for money
615,30,19,1,Excellent quality!
616,125,80,4,Exceeded expectations
617,210,13,4,Value for money
618,272,48,4,Excellent quality!
619,213,56,5,Poor packaging
620,133,72,5,Good but can improve
621,157,56,1,Good but can improve
622,47,50,5,Poor packaging
623,22,95,5,Value for money
624,83,45,3,Would not recommend
625,234,89,5,Average product
626,60,59,2,Average product
627,188,39,2,Very satisfied
628,58,21,2,Would not recommend
629,259,55,1,Average product
630,162,57,4,Value for money
631,2,41,3,Average product
632,271,93,1,Very satisfied
633,143,70,4,Excellent quality!
634,188,82,3,Average product
635,224,49,3,Value for money
636,180,44,3,Value for money
637,23,35,2,Very satisfied
638,37,91,2,Good but can improve
639,107,5,2,Exceeded expectations
640,297,71,3,Very satisfied
641,229,74,3,Exceeded expectations
642,97,74,2,Poor packaging
643,281,51,3,Poor packaging
644,110,57,2,Good but can improve
645,37,58,2,Poor packaging
646,40,92,2,Exceeded expectations
647,85,36,4,Excellent quality!
648,188,10,3,Value for money
649,240,50,1,Good but can improve
650,19,99,2,Poor packaging
651,261,99,1,Value for money
652,158,37,4,Very satisfied
653,112,20,3,Good but can improve
654,144,13,2,Excellent quality!
655,256,75,2,Very satisfied
656,18,19,2,Value for money
657,184,92,1,Would not recommend
658,287,56,4,Exceeded expectations
659,131,45,3,Would not recommend
660,281,60,4,Poor packaging
661,245,68,2,Would not recommend
662,8,57,4,Very satisfied
663,193,54,1,Good but can improve
664,7,37,5,Exceeded expectations
665,136,83,5,Would not recommend
666,19,37,3,Average product
667,139,14,3,Excellent quality!
668,177,95,4,Value for money
669,11,92,3,Good but can improve
670,41,100,1,Exceeded expectations
671,114,44,2,Good but can improve
672,180,83,2,Poor packaging
673,194,42,4,Very satisfied
674,196,1,2,Excellent quality!
675,225,23,4,Poor packaging
676,261,64,3,Very satisfied
677,116,28,3,Would not recommend
678,150,4,1,Exceeded expectations
679,118,41,2,Value for money
680,165,60,1,Exceeded expectations
681,252,18,5,Average product
682,267,63,1,Good but can improve
683,44,61,4,Average product
684,181,49,4,Good but can improve
685,77,47,1,Exceeded expectations
686,116,39,3,Would not recommend
687,67,89,5,Value for money
688,13,82,1,Excellent quality!
689,92,6,3,Value for money
690,246,83,1,Would not recommend
691,267,53,2,Very satisfied
692,139,76,4,Exceeded expectations
693,244,25,2,Exceeded expectations
694,273,99,2,Exceeded expectations
695,191,65,5,Exceeded expectations
696,97,5,3,Excellent quality!
697,205,65,4,Average product
698,137,8,2,Would not recommend
699,77,39,4,Very satisfied
700,37,43,3,Would not recommend
701,286,82,1,Poor packaging
702,135,73,2,Poor packaging
703,142,5,3,Poor packaging
704,254,4,4,Average product
705,48,93,3,Value for money
706,255,1,1,Excellent quality!
707,134,94,3,Exceeded expectations
708,290,56,4,Average product
709,208,45,2,Good but can improve
710,101,65,2,Very satisfied
711,46,3,5,Very satisfied
712,70,22,4,Poor packaging
713,136,72,5,Good but can improve
714,280,56,5,Excellent quality!
715,67,18,1,Poor packaging
716,4,25,4,Very satisfied
717,224,48,2,Very satisfied
718,1,84,4,Exceeded expectations
719,290,31,1,Value for money
720,109,30,4,Exceeded expectations
721,265,80,4,Value for money
722,63,66,5,Exceeded expectations
723,266,81,4,Value for money
724,138,10,5,Poor packaging
725,44,71,5,Would not recommend
726,262,59,3,Good but can improve
727,216,51,1,Excellent quality!
728,121,9,5,Value for money
729,152,54,4,Average product
730,213,62,5,Value for money
731,234,81,5,Poor packaging
732,111,9,5,Excellent quality!
733,222,9,2,Value for money
734,226,24,2,Exceeded expectations
735,210,39,2,Excellent quality!
736,71,75,2,Average product
737,89,8,3,Very satisfied
738,262,25,5,Exceeded expectations
739,188,66,3,Excellent quality!
740,112,10,4,Would not recommend
741,239,24,1,Value for money
742,256,80,3,Exceeded expectations
743,150,83,2,Poor packaging
744,127,59,2,Would not recommend
745,274,31,4,Good but can improve
746,139,11,5,Good but can improve
747,103,6,1,Would not recommend
748,242,70,3,Poor packaging
749,117,32,5,Poor packaging
750,214,39,5,Good but can improve
751,17,48,3,Poor packaging
752,179,13,3,Would not recommend
753,224,59,3,Excellent quality!
754,270,67,3,Poor packaging
755,134,56,2,Very satisfied
756,114,41,5,Would not recommend
757,132,56,5,Would not recommend
758,139,35,2,Would not recommend
759,232,38,5,Average product
760,92,81,3,Excellent quality!
761,267,67,1,Excellent quality!
762,99,34,5,Poor packaging
763,207,76,1,Would not recommend
764,8,88,1,Exceeded expectations
765,93,70,2,Would not recommend
766,158,11,4,Poor packaging
767,99,27,5,Excellent quality!
768,225,48,2,Good but can improve
769,208,24,2,Poor packaging
770,73,18,1,Good but can improve
771,59,27,5,Poor packaging
772,287,54,2,Poor packaging
773,64,55,3,Poor packaging
774,256,21,2,Poor packaging
775,48,59,3,Value for money
776,279,34,4,Value for money
777,198,97,3,Would not recommend
778,158,58,3,Would not recommend
779,7,48,1,Exceeded expectations
780,248,54,2,Exceeded expectations
781,232,18,4,Value for money
782,106,3,2,Excellent quality!
783,98,24,3,Average product
784,268,1,3,Excellent quality!
785,60,6,2,Exceeded expectations
786,140,19,4,Would not recommend
787,190,86,4,Value for money
788,125,43,1,Excellent quality!
789,163,8,3,Average product
790,60,69,3,Good but can improve
791,31,52,1,Poor packaging
792,76,73,2,Very satisfied
793,243,47,3,Value for money
794,258,85,2,Value for money
795,190,28,4,Average product
796,296,46,5,Poor packaging
797,177,4,1,Poor packaging
798,288,88,3,Very satisfied
799,294,8,1,Good but can improve
800,207,61,4,Poor packaging
801,215,17,4,Good but can improve
802,141,34,4,Average product
803,85,20,4,Good but can improve
804,182,80,5,Would not recommend
805,128,74,2,Poor packaging
806,269,34,2,Would not recommend
807,39,43,5,Exceeded expectations
808,23,10,2,Exceeded expectations
809,242,94,4,Would not recommend
810,107,30,2,Average product
811,142,25,1,Value for money
812,145,57,2,Value for money
813,280,63,1,Value for money
814,245,71,3,Excellent quality!
815,191,47,1,Value for money
816,290,84,1,Average product
817,179,81,4,Very satisfied
818,112,3,4,Exceeded expectations
819,214,46,4,Poor packaging
820,138,36,1,Value for money
821,200,26,5,Excellent quality!
822,7,10,4,Exceeded expectations
823,13,34,4,Good but can improve
824,80,78,1,Exceeded expectations
825,286,8,3,Would not recommend
826,159,55,3,Excellent quality!
827,272,91,2,Average product
828,201,10,3,Very satisfied
829,150,57,4,Value for money
830,296,79,5,Value for money
831,293,86,2,Excellent quality!
832,272,45,5,Good but can improve
833,43,50,5,Average product
834,15,64,4,Excellent quality!
835,248,95,1,Excellent quality!
836,172,2,1,Very satisfied
837,218,45,1,Average product
838,137,95,3,Very satisfied
839,227,62,1,Average product
840,44,14,4,Value for money
841,20,74,3,Poor packaging
842,119,94,1,Would not recommend
843,234,100,5,Poor packaging
844,262,15,4,Good but can improve
845,83,14,4,Good but can improve
846,31,31,2,Exceeded expectations
847,274,29,4,Average product
848,234,27,5,Poor packaging
849,28,85,4,Excellent quality!
850,252,9,2,Value for money
851,253,20,4,Good but can improve
852,239,99,4,Would not recommend
853,175,58,2,Would not recommend
854,194,79,4,Exceeded expectations
855,180,88,3,Would not recommend
856,295,49,4,Value for money
857,215,57,1,Poor packaging
858,203,16,1,Would not recommend
859,250,100,3,Good but can improve
860,257,75,4,Would not recommend
861,75,8,5,Average product
862,202,67,4,Excellent quality!
863,142,19,1,Average product
864,206,67,2,Poor packaging
865,199,36,3,Value for money
866,171,89,2,Value for money
867,228,60,5,Average product
868,179,36,4,Very satisfied
869,275,11,5,Average product
870,62,51,2,Good but can improve
871,204,80,4,Very satisfied
872,133,55,5,Exceeded expectations
873,72,54,1,Average product
874,78,17,1,Very satisfied
875,189,62,3,Very satisfied
876,71,42,1,Would not recommend
877,263,24,1,Exceeded expectations
878,46,17,2,Would not recommend
879,224,48,1,Very satisfied
880,250,84,1,Very satisfied
881,76,86,2,Excellent quality!
882,74,70,1,Good but can improve
883,142,7,1,Very satisfied
884,73,14,3,Good but can improve
885,102,11,1,Would not recommend
886,94,12,1,Very satisfied
887,69,5,3,Value for money
888,65,5,2,Excellent quality!
889,193,20,1,Very satisfied
890,62,54,5,Would not recommend
891,20,55,2,Would not recommend
892,241,58,2,Poor packaging
893,203,79,1,Would not recommend
894,300,90,3,Good but can improve
895,195,97,2,Excellent quality!
896,62,30,3,Good but can improve
897,107,24,5,Would not recommend
898,125,87,3,Value for money
899,267,73,4,Average product
900,202,3,3,Value for money
901,162,100,2,Exceeded expectations
902,112,48,3,Good but can improve
903,32,71,3,Value for money
904,98,22,4,Excellent quality!
905,247,14,4,Excellent quality!
906,261,48,1,Poor packaging
907,191,29,2,Would not recommend
908,29,50,1,Poor packaging
909,48,80,4,Excellent quality!
910,250,98,3,Would not recommend
911,226,10,4,Excellent quality!
912,272,71,5,Excellent quality!
913,153,89,3,Average product
914,285,27,1,Value for money
915,180,79,3,Poor packaging
916,153,96,5,Good but can improve
917,234,28,4,Poor packaging
918,23,9,2,Very satisfied
919,94,71,2,Exceeded expectations
920,245,80,2,Average product
921,290,26,4,Excellent quality!
922,160,99,2,Excellent quality!
923,285,81,5,Average product
924,9,87,4,Would not recommend
925,185,8,2,Poor packaging
926,295,2,1,Excellent quality!
927,135,95,4,Exceeded expectations
928,110,57,4,Very satisfied
929,69,52,3,Poor packaging
930,136,58,2,Value for money
931,96,96,1,Good but can improve
932,119,93,5,Good but can improve
933,274,3,4,Exceeded expectations
934,177,8,5,Average product
935,237,59,5,Poor packaging
936,272,2,5,Good but can improve
937,277,95,3,Value for money
938,138,62,5,Very satisfied
939,132,49,2,Would not recommend
940,44,20,2,Good but can improve
941,123,29,1,Average product
942,136,17,1,Would not recommend
943,126,74,5,Good but can improve
944,275,22,5,Exceeded expectations
945,64,6,3,Excellent quality!
946,296,62,5,Would not recommend
947,232,98,5,Excellent quality!
948,51,31,5,Exceeded expectations
949,137,62,4,Good but can improve
950,158,12,4,Value for money
951,56,12,3,Poor packaging
952,81,63,3,Very satisfied
953,232,16,2,Value for money
954,128,25,3,Very satisfied
955,126,22,2,Would not recommend
956,80,91,5,Very satisfied
957,175,88,3,Would not recommend
958,145,76,3,Very satisfied
959,126,18,3,Average product
960,182,45,2,Value for money
961,219,80,2,Good but can improve
962,278,68,1,Good but can improve
963,83,12,2,Average product
964,141,49,2,Poor packaging
965,95,33,4,Good but can improve
966,194,86,3,Poor packaging
967,110,63,2,Excellent quality!
968,52,18,3,Good but can improve
969,103,54,3,Excellent quality!
970,101,97,4,Good but can improve
971,142,27,3,Good but can improve
972,201,83,2,Excellent quality!
973,199,78,3,Exceeded expectations
974,284,25,1,Poor packaging
975,217,34,1,Very satisfied
976,46,88,4,Would not recommend
977,28,60,2,Exceeded expectations
978,2,54,4,Very satisfied
979,17,87,1,Value for money
980,77,5,2,Poor packaging
981,165,36,3,Good but can improve
982,97,54,2,Good but can improve
983,105,88,5,Good but can improve
984,24,36,2,Would not recommend
985,200,69,3,Would not recommend
986,35,39,5,Would not recommend
987,2,70,4,Excellent quality!
988,289,100,2,Would not recommend
989,138,4,4,Would not recommend
990,62,74,2,Poor packaging
991,299,65,1,Very satisfied
992,197,85,1,Exceeded expectations
993,59,40,3,Exceeded expectations
994,265,37,1,Good but can improve
995,188,67,5,Very satisfied
996,63,31,5,Average product
997,279,91,2,Average product
998,30,81,4,Value for money
999,171,87,5,Poor packaging
1000,21,77,2,Average product
1001,299,47,4,Average product
1002,201,27,1,Poor packaging
1003,135,51,2,Very satisfied
1004,272,20,4,Good but can improve
1005,23,13,3,Value for money
1006,87,63,3,Value for money
1007,31,44,5,Value for money
1008,121,24,4,Average product
1009,69,3,3,Very satisfied
1010,134,10,5,Value for money
1011,146,65,2,Poor packaging
1012,263,49,2,Value for money
1013,293,58,4,Exceeded expectations
1014,86,77,4,Excellent quality!
1015,16,78,4,Very satisfied
1016,216,97,4,Excellent quality!
1017,116,2,3,Very satisfied
1018,118,66,3,Would not recommend
1019,270,31,5,Poor packaging
1020,162,68,3,Would not recommend
1021,188,98,2,Average product
1022,104,83,5,Average product
1023,141,37,3,Would not recommend
1024,167,73,4,Very satisfied
1025,300,24,3,Value for money
1026,28,77,1,Excellent quality!
1027,272,44,5,Poor packaging
1028,50,94,3,Value for money
1029,156,83,3,Average product
1030,121,41,2,Value for money
1031,140,74,4,Good but can improve
1032,16,51,4,Good but can improve
1033,49,42,2,Would not recommend
1034,164,78,2,Good but can improve
1035,62,40,1,Would not recommend
1036,154,48,5,Exceeded expectations
1037,150,84,4,Exceeded expectations
1038,73,4,2,Excellent quality!
1039,69,60,2,Good but can improve
1040,177,39,5,Average product
1041,2,5,2,Very satisfied
1042,119,96,1,Good but can improve
1043,7,6,5,Poor packaging
1044,255,14,1,Would not recommend
1045,75,70,3,Good but can improve
1046,195,78,4,Poor packaging
1047,187,12,2,Average product
1048,3,62,5,Very satisfied
1049,184,27,1,Exceeded expectations
1050,273,54,4,Would not recommend
1051,52,90,4,Excellent quality!
1052,263,12,2,Poor packaging
1053,133,8,4,Good but can improve
1054,225,74,2,Average product
1055,61,16,3,Poor packaging
1056,16,52,2,Good but can improve
1057,229,26,1,Exceeded expectations
1058,195,8,4,Exceeded expectations
1059,251,45,4,Very satisfied
1060,48,93,4,Excellent quality!
1061,235,84,2,Exceeded expectations
1062,121,81,5,Very satisfied
1063,50,19,2,Exceeded expectations
1064,41,17,1,Would not recommend
1065,22,65,2,Value for money
1066,182,29,4,Very satisfied
1067,5,14,3,Very satisfied
1068,145,17,1,Poor packaging
1069,78,13,3,Exceeded expectations
1070,231,93,1,Very satisfied
1071,297,98,1,Average product
1072,209,91,4,Would not recommend
1073,163,63,2,Poor packaging
1074,168,33,4,Poor packaging
1075,278,29,4,Value for money
1076,237,37,4,Would not recommend
1077,176,83,3,Good but can improve
1078,53,46,1,Average product
1079,10,24,5,Would not recommend
1080,146,14,2,Very satisfied
1081,227,5,4,Value for money
1082,236,53,1,Average product
1083,242,88,2,Value for money
1084,71,98,5,Would not recommend
1085,158,95,5,Excellent quality!
1086,19,30,4,Would not recommend
1087,55,60,5,Very satisfied
1088,215,73,5,Value for money
1089,209,91,2,Excellent quality!
1090,21,28,2,Very satisfied
1091,282,26,4,Value for money
1092,249,18,1,Value for money
1093,28,36,4,Would not recommend
1094,296,8,3,Exceeded expectations
1095,211,18,5,Value for money
1096,285,84,1,Value for money
1097,20,58,2,Poor packaging
1098,20,32,3,Exceeded expectations
1099,120,93,3,Value for money
1100,97,49,5,Would not recommend
1101,120,48,2,Poor packaging
1102,25,82,1,Poor packaging
1103,153,71,2,Good but can improve
1104,245,65,5,Excellent quality!
1105,260,92,3,Very satisfied
1106,4,33,5,Poor packaging
1107,143,50,4,Average product
1108,282,4,3,Poor packaging
1109,220,84,5,Good but can improve
1110,160,36,1,Average product
1111,76,95,1,Good but can improve
1112,99,28,1,Good but can improve
1113,180,3,4,Exceeded expectations
1114,127,6,2,Excellent quality!
1115,32,45,1,Average product
1116,265,23,4,Excellent quality!
1117,13,7,1,Excellent quality!
1118,202,61,4,Excellent quality!
1119,18,100,1,Average product
1120,93,65,2,Average product
1121,280,6,5,Excellent quality!
1122,60,24,1,Exceeded expectations
1123,214,37,5,Excellent quality!
1124,100,45,1,Exceeded expectations
1125,1,51,2,Very satisfied
1126,43,100,5,Exceeded expectations
1127,168,88,4,Exceeded expectations
1128,192,45,1,Exceeded expectations
1129,34,63,1,Excellent quality!
1130,34,29,4,Value for money
1131,176,96,2,Very satisfied
1132,196,25,3,Very satisfied
1133,158,10,1,Good but can improve
1134,245,35,4,Very satisfied
1135,71,55,3,Value for money
1136,114,25,1,Very satisfied
1137,285,91,5,Very satisfied
1138,143,45,4,Average product
1139,97,96,5,Would not recommend
1140,212,12,2,Good but can improve
1141,185,4,3,Average product
1142,205,90,4,Excellent quality!
1143,216,67,1,Good but can improve
1144,246,17,1,Excellent quality!
1145,239,73,3,Good but can improve
1146,293,93,5,Exceeded expectations
1147,8,65,5,Poor packaging
1148,78,82,4,Good but can improve
1149,277,53,4,Would not recommend
1150,202,84,5,Value for money
1151,214,57,4,Average product
1152,94,98,5,Good but can improve
1153,75,28,3,Excellent quality!
1154,157,99,4,Value for money
1155,153,16,5,Very satisfied
1156,142,21,4,Value for money
1157,78,77,1,Average product
1158,182,99,1,Would not recommend
1159,195,42,2,Poor packaging
1160,158,54,5,Exceeded expectations
1161,146,32,2,Average product
1162,54,38,5,Exceeded expectations
1163,277,70,4,Would not recommend
1164,83,38,5,Excellent quality!
1165,156,54,1,Exceeded expectations
1166,4,60,4,Excellent quality!
1167,271,77,1,Value for money
1168,64,77,4,Average product
1169,112,47,5,Excellent quality!
1170,239,12,5,Very satisfied
1171,144,53,1,Very satisfied
1172,20,33,3,Poor packaging
1173,64,28,5,Value for money
1174,289,3,3,Excellent quality!
1175,81,82,4,Poor packaging
1176,197,26,3,Very satisfied
1177,69,54,1,Poor packaging
1178,186,40,2,Good but can improve
1179,167,66,2,Poor packaging
1180,205,68,1,Excellent quality!
1181,164,92,2,Excellent quality!
1182,94,92,1,Excellent quality!
1183,249,89,5,Value for money
1184,68,90,3,Exceeded expectations
1185,21,47,2,Poor packaging
1186,85,2,5,Poor packaging
1187,24,42,2,Value for money
1188,111,34,4,Very satisfied
1189,83,94,1,Average product
1190,78,21,1,Exceeded expectations
1191,140,44,5,Very satisfied
1192,271,87,4,Value for money
1193,169,97,3,Exceeded expectations
1194,197,2,4,Exceeded expectations
1195,262,91,4,Poor packaging
1196,215,59,3,Poor packaging
1197,67,86,3,Excellent quality!
1198,229,98,4,Excellent quality!
1199,161,16,2,Good but can improve
1200,122,20,2,Poor packaging
1201,149,26,4,Poor packaging
1202,193,16,2,Would not recommend
1203,231,70,3,Exceeded expectations
1204,111,23,3,Excellent quality!
1205,145,42,2,Excellent quality!
1206,221,37,3,Very satisfied
1207,64,72,1,Poor packaging
1208,126,6,3,Exceeded expectations
1209,218,37,4,Poor packaging
1210,284,22,5,Value for money
1211,236,6,2,Very satisfied
1212,13,32,2,Average product
1213,153,17,3,Average product
1214,239,38,3,Average product
1215,190,17,5,Exceeded expectations
1216,151,37,5,Would not recommend
1217,86,23,4,Excellent quality!
1218,21,49,1,Exceeded expectations
1219,182,61,4,Average product
1220,158,49,2,Value for money
1221,76,61,3,Good but can improve
1222,203,77,4,Exceeded expectations
1223,229,32,3,Exceeded expectations
1224,152,86,3,Good but can improve
1225,263,63,4,Excellent quality!
1226,72,7,4,Excellent quality!
1227,225,22,5,Average product
1228,131,85,1,Excellent quality!
1229,28,6,5,Good but can improve
1230,299,61,1,Very satisfied
1231,97,14,4,Good but can improve
1232,46,16,1,Good but can improve
1233,1,3,2,Very satisfied
1234,166,9,5,Good but can improve
1235,245,47,5,Average product
1236,219,85,5,Exceeded expectations
1237,102,94,3,Value for money
1238,291,94,3,Excellent quality!
1239,204,42,4,Poor packaging
1240,202,42,4,Exceeded expectations
1241,54,96,3,Average product
1242,280,23,5,Would not recommend
1243,278,3,3,Excellent quality!
1244,16,1,1,Average product
1245,13,67,5,Good but can improve
1246,87,71,3,Average product
1247,78,3,4,Value for money
1248,67,100,3,Poor packaging
1249,211,49,2,Excellent quality!
1250,214,67,3,Average product
1251,185,55,5,Average product
1252,33,4,3,Exceeded expectations
1253,115,31,4,Excellent quality!
1254,275,66,1,Good but can improve
1255,198,78,2,Average product
1256,143,64,5,Average product
1257,228,31,4,Average product
1258,120,63,2,Very satisfied
1259,24,66,3,Very satisfied
1260,27,31,2,Poor packaging
1261,75,47,1,Value for money
1262,241,22,2,Exceeded expectations
1263,23,74,2,Exceeded expectations
1264,161,94,3,Excellent quality!
1265,41,97,3,Value for money
1266,238,83,5,Good but can improve
1267,239,46,3,Value for money
1268,56,89,2,Exceeded expectations
1269,98,58,1,Good but can improve
1270,146,61,3,Very satisfied
1271,262,46,5,Poor packaging
1272,40,1,5,Good but can improve
1273,193,96,2,Good but can improve
1274,239,25,3,Value for money
1275,42,61,3,Exceeded expectations
1276,222,81,5,Value for money
1277,196,14,3,Average product
1278,288,45,2,Excellent quality!
1279,10,77,1,Poor packaging
1280,235,39,2,Exceeded expectations
1281,265,66,3,Excellent quality!
1282,69,32,2,Good but can improve
1283,139,96,4,Very satisfied
1284,219,58,4,Value for money
1285,196,56,3,Value for money
1286,74,6,3,Would not recommend
1287,103,89,1,Excellent quality!
1288,225,67,2,Very satisfied
1289,123,82,1,Exceeded expectations
1290,102,50,3,Would not recommend
1291,264,38,3,Good but can improve
1292,161,3,5,Would not recommend
1293,233,5,1,Average product
1294,275,24,3,Would not recommend
1295,258,54,4,Would not recommend
1296,139,34,5,Average product
1297,227,39,2,Value for money
1298,273,88,5,Value for money
1299,86,100,2,Good but can improve
1300,291,92,4,Poor packaging
1301,217,48,2,Would not recommend
1302,66,49,1,Excellent quality!
1303,257,34,2,Value for money
1304,135,80,2,Very satisfied
1305,55,100,5,Exceeded expectations
1306,243,7,4,Excellent quality!
1307,252,18,2,Poor packaging
1308,21,70,1,Would not recommend
1309,163,92,5,Average product
1310,264,34,4,Poor packaging
1311,68,51,4,Excellent quality!
1312,107,93,3,Average product
1313,67,68,1,Good but can improve
1314,199,14,5,Very satisfied
1315,192,69,5,Average product
1316,2,89,1,Average product
1317,257,8,4,Very satisfied
1318,1,15,2,Value for money
1319,115,83,1,Value for money
1320,88,59,5,Average product
1321,197,11,1,Exceeded expectations
1322,92,20,4,Average product
1323,274,55,3,Poor packaging
1324,160,36,3,Exceeded expectations
1325,173,82,2,Value for money
1326,33,14,2,Very satisfied
1327,73,58,4,Would not recommend
1328,196,38,2,Would not recommend
1329,284,89,3,Average product
1330,87,80,4,Average product
1331,224,82,4,Would not recommend
1332,44,1,4,Poor packaging
1333,138,65,1,Poor packaging
1334,270,1,2,Poor packaging
1335,36,85,5,Good but can improve
1336,34,60,3,Excellent quality!
1337,88,25,2,Very satisfied
1338,146,91,3,Excellent quality!
1339,16,10,2,Average product
1340,233,50,5,Poor packaging
1341,41,12,3,Poor packaging
1342,255,92,5,Would not recommend
1343,281,32,3,Good but can improve
1344,126,33,1,Would not recommend
1345,8,72,1,Exceeded expectations
1346,176,26,3,Poor packaging
1347,228,42,3,Good but can improve
1348,18,50,5,Value for money
1349,56,61,4,Would not recommend
1350,35,41,3,Very satisfied
1351,118,57,2,Good but can improve
1352,282,2,2,Excellent quality!
1353,254,99,2,Good but can improve
1354,213,98,1,Very satisfied
1355,61,70,5,Would not recommend
1356,88,31,1,Poor packaging
1357,271,23,2,Average product
1358,32,76,3,Good but can improve
1359,133,54,2,Value for money
1360,64,28,3,Would not recommend
1361,199,79,5,Very satisfied
1362,256,19,4,Good but can improve
1363,155,76,3,Average product
1364,231,48,1,Would not recommend
1365,35,2,2,Poor packaging
1366,26,11,2,Exceeded expectations
1367,23,44,2,Poor packaging
1368,141,59,3,Poor packaging
1369,285,59,5,Poor packaging
1370,156,38,3,Would not recommend
1371,113,25,1,Exceeded expectations
1372,139,21,2,Value for money
1373,209,42,3,Value for money
1374,86,36,2,Very satisfied
1375,285,9,1,Would not recommend
1376,60,12,4,Good but can improve
1377,54,10,4,Good but can improve
1378,93,59,4,Exceeded expectations
1379,265,5,2,Good but can improve
1380,213,33,3,Exceeded expectations
1381,10,69,2,Poor packaging
1382,203,80,5,Good but can improve
1383,196,63,3,Value for money
1384,58,29,1,Would not recommend
1385,256,18,4,Average product
1386,223,93,3,Value for money
1387,180,6,3,Good but can improve
1388,35,53,4,Value for money
1389,103,82,1,Exceeded expectations
1390,161,32,2,Very satisfied
1391,200,42,2,Value for money
1392,160,47,3,Average product
1393,183,31,4,Poor packaging
1394,136,62,5,Excellent quality!
1395,226,56,1,Very satisfied
1396,243,11,2,Average product
1397,106,26,1,Very satisfied
1398,71,92,1,Good but can improve
1399,77,27,1,Would not recommend
1400,54,83,4,Good but can improve
1401,277,57,4,Poor packaging
1402,111,27,4,Value for money
1403,224,59,3,Good but can improve
1404,75,62,4,Would not recommend
1405,14,20,3,Value for money
1406,258,3,2,Good but can improve
1407,189,16,2,Exceeded expectations
1408,239,44,2,Average product
1409,91,93,2,Poor packaging
1410,184,79,2,Excellent quality!
1411,17,30,4,Excellent quality!
1412,12,40,5,Value for money
1413,166,65,4,Would not recommend
1414,146,29,5,Exceeded expectations
1415,282,30,4,Poor packaging
1416,37,32,2,Poor packaging
1417,70,10,1,Average product
1418,169,91,5,Would not recommend
1419,170,51,1,Excellent quality!
1420,253,8,2,Average product
1421,297,51,5,Good but can improve
1422,142,36,1,Very satisfied
1423,273,55,4,Poor packaging
1424,225,35,2,Excellent quality!
1425,183,36,4,Average product
1426,221,56,4,Value for money
1427,53,36,2,Very satisfied
1428,118,89,5,Average product
1429,159,84,3,Value for money
1430,136,61,3,Excellent quality!
1431,77,62,2,Excellent quality!
1432,45,81,3,Very satisfied
1433,18,87,1,Value for money
1434,205,25,5,Poor packaging
1435,83,64,4,Exceeded expectations
1436,50,60,4,Exceeded expectations
1437,281,57,2,Excellent quality!
1438,166,95,4,Would not recommend
1439,243,70,1,Poor packaging
1440,164,99,1,Poor packaging
1441,56,52,2,Exceeded expectations
1442,39,56,4,Average product
1443,128,63,3,Good but can improve
1444,122,68,3,Average product
1445,247,20,5,Excellent quality!
1446,186,54,2,Poor packaging
1447,208,1,5,Average product
1448,239,90,3,Value for money
1449,215,98,3,Value for money
1450,292,10,3,Good but can improve
1451,224,23,5,Value for money
1452,88,51,2,Good but can improve
1453,25,24,1,Value for money
1454,220,13,1,Good but can improve
1455,275,29,3,Good but can improve
1456,135,58,2,Good but can improve
1457,233,91,2,Poor packaging
1458,66,95,4,Value for money
1459,80,43,4,Poor packaging
1460,255,10,5,Exceeded expectations
1461,125,31,4,Excellent quality!
1462,146,74,5,Good but can improve
1463,103,88,1,Excellent quality!
1464,277,97,3,Value for money
1465,124,14,2,Value for money
1466,267,99,1,Value for money
1467,278,34,1,Good but can improve
1468,111,17,5,Excellent quality!
1469,89,21,3,Average product
1470,158,96,5,Excellent quality!
1471,216,67,1,Value for money
1472,36,58,2,Average product
1473,87,79,4,Good but can improve
1474,118,8,5,Average product
1475,182,96,1,Very satisfied
1476,68,38,4,Exceeded expectations
1477,159,26,4,Poor packaging
1478,285,64,1,Exceeded expectations
1479,164,30,3,Value for money
1480,73,9,1,Poor packaging
1481,119,32,2,Very satisfied
1482,195,11,4,Poor packaging
1483,89,86,2,Value for money
1484,76,34,5,Very satisfied
1485,221,18,4,Poor packaging
1486,139,19,3,Good but can improve
1487,241,54,1,Excellent quality!
1488,154,82,5,Average product
1489,53,37,2,Exceeded expectations
1490,142,82,5,Very satisfied
1491,31,12,3,Excellent quality!
1492,223,4,1,Value for money
1493,292,43,5,Average product
1494,266,27,2,Exceeded expectations
1495,282,51,5,Very satisfied
1496,276,5,1,Average product
1497,44,6,5,Would not recommend
1498,62,77,2,Good but can improve
1499,201,87,1,Would not recommend
1500,9,56,3,Very satisfied
